program_id,university_name,program_name,country,duration_months,tuition_fees_usd,ranking_global,acceptance_rate,research_opportunities,industry_connections,scholarship_availability,alumni_employment_rate,international_student_percentage,fields_of_study,campus_setting,remote_learning_options
1,University of British Columbia,M.S. in Data Science,Switzerland,18,35463,297,0.07890735913570665,7,6,7,0.8589501199314864,0.37634953041679997,"['Marketing', 'Data Science', 'Biomedical Engineering']",Rural,0
2,Tsinghua University,M.S. in Machine Learning,Australia,12,24158,479,0.316713229989295,1,9,7,0.8223989379914757,0.6404560974704394,"['Business Analytics', 'Biomedical Engineering', 'Renewable Energy']",Rural,0
3,Heidelberg University,M.S. in Sustainability,France,18,53158,499,0.42126589361426003,10,4,7,0.8421645777515899,0.6580032266746435,['Biomedical Engineering'],Urban,0
4,University of Edinburgh,M.S. in Business Analytics,Japan,18,28624,252,0.43624869430141616,1,2,10,0.9550558831981633,0.33014043460437525,"['Marketing', 'Software Engineering', 'Machine Learning']",Suburban,1
5,University of Sydney,M.S. in Software Engineering,Germany,24,63434,487,0.25862993345455243,1,2,10,0.9297597641771896,0.39504276581139364,['Biomedical Engineering'],Suburban,0
6,TU Delft,M.S. in Marketing,UK,18,19938,119,0.4029220846880226,6,5,8,0.8153556953234599,0.6377417494876798,['Cybersecurity'],Urban,0
7,Heidelberg University,M.S. in Biomedical Engineering,Australia,12,20417,162,0.4760960883534606,2,10,9,0.7782004416509696,0.5840246846470368,['Renewable Energy'],Urban,0
8,University of Tokyo,M.S. in Business Analytics,Canada,24,21004,198,0.1738265506196306,1,9,9,0.8104795731945772,0.10219378680678957,"['Business Analytics', 'Finance', 'Renewable Energy']",Rural,0
9,Georgia Tech,M.S. in Machine Learning,UK,12,23881,498,0.22908215587134073,6,3,2,0.9709815482531361,0.2920357385101495,"['Machine Learning', 'Finance']",Rural,1
10,Stanford,M.S. in Business Analytics,Hong Kong,24,30603,486,0.4691655466685063,2,8,7,0.8895813210839413,0.3530645451616755,"['Sustainability', 'Cybersecurity']",Rural,0
11,Cambridge,M.S. in Finance,USA,24,37212,45,0.2022039352927782,6,4,7,0.8780352500987478,0.23782977020993903,"['Cybersecurity', 'Business Analytics', 'Machine Learning']",Urban,0
12,University of Tokyo,M.S. in Renewable Energy,Switzerland,18,31120,314,0.46124433064480835,10,6,4,0.8931344639261908,0.21974296953756325,"['Data Science', 'Machine Learning', 'Marketing']",Urban,0
13,NUS,M.S. in Cybersecurity,UK,12,66766,179,0.4914701880145096,8,10,9,0.8378467837791637,0.12267070395740781,"['Marketing', 'Biomedical Engineering']",Rural,0
14,University of Melbourne,M.S. in Cybersecurity,France,24,68640,382,0.3478148278584911,2,6,8,0.943705684876683,0.48602183504185636,"['Data Science', 'Renewable Energy']",Rural,1
15,University of British Columbia,M.S. in Software Engineering,Netherlands,18,61695,418,0.4176006302768757,9,3,1,0.8755886998320599,0.2575061742898994,"['Software Engineering', 'Machine Learning', 'Sustainability']",Suburban,0
16,University of Washington,M.S. in Sustainability,Canada,24,26412,44,0.38729550389948836,8,5,2,0.778019496664511,0.13140830705878787,"['Finance', 'Machine Learning']",Suburban,0
17,McGill University,M.S. in Software Engineering,China,24,44775,271,0.3647904159269857,10,3,2,0.7809756299589751,0.23858758631683818,"['Data Science', 'Cybersecurity', 'Biomedical Engineering']",Rural,0
18,University of Edinburgh,M.S. in Sustainability,Japan,24,49559,78,0.18811898284155465,1,1,8,0.8788461951606283,0.5811483717016759,"['Renewable Energy', 'Sustainability', 'Business Analytics']",Rural,0
19,TU Berlin,M.S. in Renewable Energy,Hong Kong,24,21146,326,0.07569245205857468,7,7,1,0.9747768523370014,0.6108935089879279,['Machine Learning'],Suburban,0
20,Georgia Tech,M.S. in Finance,Japan,24,25371,178,0.20437327963384277,10,4,4,0.8240045092022877,0.38983974711598157,"['Business Analytics', 'Biomedical Engineering', 'Data Science']",Rural,0
21,MIT,M.S. in Marketing,UK,24,40806,357,0.35012119334175795,6,7,10,0.9586898805262124,0.3496424022452117,['Finance'],Suburban,0
22,Carnegie Mellon,M.S. in Biomedical Engineering,Netherlands,18,40565,498,0.09613813920251063,6,3,5,0.933382940778931,0.686712216101069,['Cybersecurity'],Suburban,0
23,UC Berkeley,M.S. in Sustainability,Switzerland,24,23802,416,0.05536309234020895,6,5,9,0.8094749862976577,0.22033879575284193,"['Software Engineering', 'Marketing', 'Machine Learning']",Suburban,0
24,University of Washington,M.S. in Biomedical Engineering,China,12,58307,451,0.1128615676713224,6,5,7,0.7587217795958981,0.22921556971276508,"['Software Engineering', 'Cybersecurity']",Urban,1
25,ETH Zurich,M.S. in Cybersecurity,Hong Kong,18,22437,3,0.3720811668848579,10,2,8,0.7744433436341719,0.27512030622183986,"['Marketing', 'Biomedical Engineering', 'Finance']",Urban,0
26,EPFL,M.S. in Cybersecurity,Australia,12,35446,214,0.4877571657453998,7,10,9,0.9248385441233856,0.2036543909686524,"['Software Engineering', 'Machine Learning']",Rural,0
27,Carnegie Mellon,M.S. in Renewable Energy,Germany,24,36391,342,0.4923791148266692,3,2,7,0.7979207371297552,0.3276193589225119,"['Finance', 'Data Science', 'Machine Learning']",Suburban,0
28,University of Manchester,M.S. in Machine Learning,Switzerland,12,46516,74,0.27229061711308455,6,4,5,0.8391050209212945,0.6465005361938523,"['Cybersecurity', 'Machine Learning']",Urban,0
29,TU Munich,M.S. in Biomedical Engineering,Australia,24,67724,51,0.4412085354465563,3,4,5,0.8704077998415419,0.46920870437714457,"['Renewable Energy', 'Marketing']",Rural,0
30,Imperial College London,M.S. in Sustainability,Germany,24,47702,67,0.38157190508817684,7,4,10,0.924112360428039,0.34716792916735817,"['Data Science', 'Business Analytics']",Rural,1
31,University of Melbourne,M.S. in Biomedical Engineering,Netherlands,18,65454,332,0.27546810664307153,7,6,6,0.7771754935821901,0.6606464767427288,"['Sustainability', 'Cybersecurity']",Rural,0
32,University of Copenhagen,M.S. in Finance,Germany,18,17939,93,0.30774223982978904,8,2,5,0.8475279372665907,0.1290785394854934,"['Biomedical Engineering', 'Marketing']",Rural,0
33,University of Toronto,M.S. in Machine Learning,Switzerland,24,20969,176,0.111752215977592,2,6,9,0.8664174981942468,0.22616570674111683,"['Software Engineering', 'Marketing']",Rural,0
34,TU Delft,M.S. in Renewable Energy,Hong Kong,18,44265,145,0.4719476572774664,9,7,3,0.8797984953531695,0.4395331630610554,['Renewable Energy'],Suburban,0
35,University of Copenhagen,M.S. in Machine Learning,France,12,39813,7,0.20836839682929958,5,10,3,0.946406553934852,0.4693315739159075,"['Cybersecurity', 'Machine Learning']",Rural,0
36,MIT,M.S. in Data Science,UK,18,38569,269,0.2507671654057263,9,3,7,0.791202766810372,0.1237345039375679,['Business Analytics'],Suburban,1
37,University of Sydney,M.S. in Biomedical Engineering,Australia,18,55454,376,0.35224710394905445,10,8,7,0.9438795484383893,0.3418232547442793,['Marketing'],Urban,0
38,University of Copenhagen,M.S. in Biomedical Engineering,France,12,28150,322,0.20025611218694928,5,2,6,0.9162908226471965,0.4894923788985236,"['Software Engineering', 'Marketing', 'Finance']",Rural,0
39,ETH Zurich,M.S. in Cybersecurity,Australia,18,44797,4,0.16441662244501876,7,8,3,0.8834089954077502,0.518842327842041,"['Machine Learning', 'Renewable Energy']",Urban,0
40,University of Washington,M.S. in Renewable Energy,Hong Kong,24,31414,138,0.3339722269715993,9,5,7,0.9178866888966173,0.48288394150976155,['Business Analytics'],Suburban,0
41,Stanford,M.S. in Biomedical Engineering,UK,12,39657,231,0.06124283702683225,4,2,5,0.8488842573483976,0.2923379346165547,"['Finance', 'Business Analytics']",Suburban,0
42,University of Washington,M.S. in Software Engineering,Singapore,24,31947,88,0.3743263004120055,2,7,7,0.78321542063235,0.1561120741587457,['Software Engineering'],Urban,0
43,University of Edinburgh,M.S. in Software Engineering,Germany,12,60486,17,0.2813105164444294,9,2,2,0.9097836576636882,0.35626746785160046,['Software Engineering'],Rural,0
44,Tsinghua University,M.S. in Finance,Netherlands,24,32943,52,0.3225891787344205,2,6,6,0.8759213536045494,0.1772526624208333,"['Sustainability', 'Biomedical Engineering']",Rural,0
45,University of Copenhagen,M.S. in Biomedical Engineering,Singapore,24,64894,134,0.3343460716610983,3,10,8,0.9034499521302661,0.6685741951124002,"['Biomedical Engineering', 'Marketing', 'Machine Learning']",Urban,0
46,Imperial College London,M.S. in Sustainability,Singapore,18,40068,211,0.2871725704216537,10,3,1,0.8311197074468376,0.385102519613577,['Machine Learning'],Urban,0
47,Cambridge,M.S. in Machine Learning,Japan,24,30480,325,0.3121401998483312,2,9,4,0.9676479785615606,0.2903555046141205,"['Biomedical Engineering', 'Machine Learning']",Urban,0
48,University of Sydney,M.S. in Cybersecurity,USA,18,23033,480,0.35770469040044356,3,3,1,0.8909687684581384,0.55978244267134,"['Renewable Energy', 'Finance', 'Marketing']",Rural,0
49,University of Sydney,M.S. in Renewable Energy,Switzerland,12,15983,458,0.3889034812308534,6,3,1,0.7704965962298097,0.3987691555493583,['Business Analytics'],Rural,0
50,University of Manchester,M.S. in Sustainability,France,24,30607,393,0.3773535760787542,3,5,10,0.8579529577690629,0.28602041440747006,"['Marketing', 'Machine Learning']",Rural,0
51,University of Tokyo,M.S. in Machine Learning,France,24,33543,219,0.44132740597951775,10,7,8,0.9315254531384722,0.587180645434481,"['Biomedical Engineering', 'Cybersecurity', 'Software Engineering']",Urban,0
52,EPFL,M.S. in Biomedical Engineering,France,12,24916,205,0.13524954492533126,8,8,7,0.9405922948157454,0.6202912906006731,"['Marketing', 'Software Engineering', 'Biomedical Engineering']",Rural,1
53,Tsinghua University,M.S. in Sustainability,Hong Kong,12,45143,211,0.2305165862713089,6,7,10,0.868703292663302,0.5038048997732062,"['Business Analytics', 'Renewable Energy']",Suburban,0
54,University of Toronto,M.S. in Data Science,France,24,34471,277,0.4765082297065057,7,9,1,0.9647394169995123,0.1281786534446004,"['Software Engineering', 'Machine Learning']",Urban,0
55,Georgia Tech,M.S. in Sustainability,Hong Kong,12,36907,24,0.22846575847384837,1,5,2,0.8142404249266314,0.43979372809991923,['Marketing'],Rural,0
56,Carnegie Mellon,M.S. in Software Engineering,Switzerland,18,48040,486,0.1061915346076652,3,10,4,0.848543687337184,0.557976947198369,"['Marketing', 'Business Analytics']",Urban,0
57,University of Manchester,M.S. in Biomedical Engineering,Singapore,12,59216,4,0.2864503068629808,3,3,1,0.9656632585365528,0.18190180725014932,"['Machine Learning', 'Finance']",Suburban,0
58,University of Manchester,M.S. in Marketing,Switzerland,12,58737,152,0.09927093764950798,2,6,3,0.9651016119531789,0.23720245083076202,"['Cybersecurity', 'Sustainability']",Suburban,0
59,University of Tokyo,M.S. in Sustainability,France,24,19174,443,0.14128395742753935,7,5,8,0.9145710645179235,0.6294970630408818,"['Renewable Energy', 'Cybersecurity', 'Sustainability']",Urban,0
60,McGill University,M.S. in Renewable Energy,USA,18,34080,483,0.49924344045693053,9,4,8,0.9561553313093328,0.11207303311184443,['Software Engineering'],Urban,0
61,University of Hong Kong,M.S. in Data Science,Canada,12,42265,259,0.2936131872782594,4,2,8,0.7713055840694958,0.5516362826955856,"['Data Science', 'Marketing']",Suburban,0
62,University of Copenhagen,M.S. in Biomedical Engineering,UK,18,34297,324,0.17782627506819304,5,7,6,0.9575987942898663,0.38426397550865377,"['Renewable Energy', 'Marketing']",Urban,1
63,UC Berkeley,M.S. in Sustainability,France,18,26990,357,0.49764872955825773,3,5,6,0.8269487775720544,0.36806329530376414,"['Sustainability', 'Finance']",Suburban,0
64,University of Melbourne,M.S. in Business Analytics,Netherlands,18,30596,168,0.48495151334981446,9,4,5,0.7927995629827719,0.1042579194969323,"['Renewable Energy', 'Software Engineering']",Suburban,0
65,University of Sydney,M.S. in Data Science,Canada,24,18998,176,0.24833256848791863,4,8,9,0.8074487607220912,0.5916389385798957,"['Finance', 'Cybersecurity']",Rural,0
66,University of Tokyo,M.S. in Marketing,Switzerland,12,18775,310,0.1671813989545588,5,9,4,0.8503124419233329,0.3158949403819399,"['Finance', 'Software Engineering']",Urban,0
67,UC Berkeley,M.S. in Business Analytics,Netherlands,24,34112,291,0.4272798371414855,1,9,10,0.8102860811050722,0.4244593787803257,"['Finance', 'Business Analytics']",Urban,0
68,EPFL,M.S. in Data Science,Netherlands,12,29645,479,0.3720293226373036,2,3,7,0.8269362206439598,0.5063804118013957,"['Sustainability', 'Cybersecurity', 'Finance']",Rural,0
69,University of Amsterdam,M.S. in Cybersecurity,Australia,12,37061,56,0.3591236457515797,9,3,1,0.7823948366571941,0.5215777458627495,"['Business Analytics', 'Marketing']",Suburban,0
70,ETH Zurich,M.S. in Renewable Energy,Netherlands,24,19487,108,0.45190118359511267,2,5,9,0.8210824237341596,0.6735880352956434,"['Machine Learning', 'Cybersecurity']",Urban,0
71,University of Melbourne,M.S. in Machine Learning,France,18,65706,473,0.3602377102420961,5,5,7,0.8873481154900803,0.4188039719419655,"['Biomedical Engineering', 'Software Engineering', 'Data Science']",Rural,1
72,University of Tokyo,M.S. in Data Science,Australia,18,19435,296,0.17770907436869715,8,10,10,0.8560448899418553,0.33983173058465654,"['Sustainability', 'Cybersecurity', 'Renewable Energy']",Rural,1
73,University of Sydney,M.S. in Marketing,Japan,12,27644,461,0.36223842284407953,3,2,9,0.8332125026966186,0.6722221758950248,"['Machine Learning', 'Marketing']",Urban,0
74,Imperial College London,M.S. in Finance,Singapore,24,48044,324,0.1876160800776488,6,1,7,0.9291485109257074,0.4852661410153126,"['Sustainability', 'Software Engineering', 'Business Analytics']",Rural,0
75,TU Delft,M.S. in Machine Learning,Netherlands,18,26045,302,0.39165754084564774,4,8,2,0.9644423931343963,0.27889021376593337,['Business Analytics'],Suburban,0
76,University of Sydney,M.S. in Biomedical Engineering,USA,18,64626,334,0.3288865345212047,7,3,6,0.9316294134965752,0.1758785472421427,"['Software Engineering', 'Marketing', 'Biomedical Engineering']",Rural,0
77,University of Hong Kong,M.S. in Data Science,China,12,32951,141,0.08483519839313777,10,1,10,0.829680168508243,0.6055327008791087,['Sustainability'],Suburban,0
78,Cambridge,M.S. in Machine Learning,UK,12,41449,155,0.28077591309581396,3,1,4,0.9286661202810129,0.3173089616764909,"['Sustainability', 'Marketing', 'Biomedical Engineering']",Suburban,0
79,University of Tokyo,M.S. in Sustainability,Netherlands,24,27681,262,0.20448543613808345,6,2,3,0.7864752437937723,0.4962818328186587,"['Data Science', 'Finance', 'Machine Learning']",Urban,1
80,Heidelberg University,M.S. in Data Science,Hong Kong,12,28199,273,0.19785678472953244,10,6,2,0.7812763171419098,0.38248985161953886,['Cybersecurity'],Rural,0
81,University of Amsterdam,M.S. in Business Analytics,Japan,18,21768,420,0.32101533606976573,9,6,6,0.8329504888886782,0.219357867877023,"['Finance', 'Software Engineering', 'Data Science']",Suburban,0
82,University of Copenhagen,M.S. in Marketing,Germany,18,59130,232,0.19504617101124122,10,3,8,0.9438485685705736,0.46101196517227905,"['Marketing', 'Finance', 'Renewable Energy']",Suburban,0
83,University of Copenhagen,M.S. in Software Engineering,Hong Kong,18,42440,241,0.3996021866921927,1,4,6,0.8091235793381525,0.1364098413704094,['Data Science'],Rural,1
84,University of British Columbia,M.S. in Software Engineering,Switzerland,18,58633,355,0.0818561462050285,3,2,9,0.7651808181356831,0.34800547592271536,['Business Analytics'],Suburban,0
85,Carnegie Mellon,M.S. in Marketing,China,24,17550,337,0.34717471357812146,2,2,5,0.7816102884495252,0.4279689637982026,['Biomedical Engineering'],Rural,0
86,Caltech,M.S. in Finance,Switzerland,24,29225,489,0.41413766164553356,8,7,2,0.9560987924470992,0.3616281844711474,"['Biomedical Engineering', 'Renewable Energy', 'Cybersecurity']",Urban,0
87,Imperial College London,M.S. in Marketing,Japan,12,15596,258,0.3527742604641935,7,1,8,0.902107988339349,0.5492033051505945,"['Finance', 'Marketing']",Suburban,1
88,University of Melbourne,M.S. in Sustainability,Germany,12,31054,249,0.27375313775899807,2,7,9,0.8107682792087944,0.5967549727271875,"['Renewable Energy', 'Biomedical Engineering']",Suburban,0
89,University of British Columbia,M.S. in Marketing,Switzerland,12,51505,77,0.4776381561812815,6,1,10,0.8832709980787635,0.5627458444199068,['Finance'],Rural,1
90,Heidelberg University,M.S. in Marketing,Switzerland,24,44053,180,0.18497232040912864,3,6,4,0.8766191093820841,0.12328776868708127,['Sustainability'],Rural,0
91,University of British Columbia,M.S. in Machine Learning,Switzerland,18,31468,66,0.058625549386240004,8,3,6,0.9073046348257587,0.21647726226758332,['Business Analytics'],Rural,0
92,University of Edinburgh,M.S. in Biomedical Engineering,Japan,12,42236,308,0.2443952171585484,10,8,10,0.805965013061188,0.4219645055582646,"['Machine Learning', 'Renewable Energy']",Rural,0
93,ETH Zurich,M.S. in Software Engineering,China,18,64783,348,0.06485537115514727,3,6,8,0.9574567169266555,0.6608932242662807,"['Software Engineering', 'Finance', 'Business Analytics']",Suburban,0
94,McGill University,M.S. in Finance,Singapore,12,26551,171,0.47927153863688393,10,2,9,0.8242484548992031,0.60097406503127,"['Sustainability', 'Cybersecurity']",Urban,0
95,KU Leuven,M.S. in Machine Learning,UK,12,65154,474,0.1444631205866232,9,8,5,0.9165915969542968,0.6055207050110809,"['Sustainability', 'Finance', 'Renewable Energy']",Urban,1
96,Georgia Tech,M.S. in Software Engineering,Japan,12,48928,22,0.4050171607769958,1,5,6,0.7538699151293315,0.28192491625580496,['Sustainability'],Urban,0
97,University of Amsterdam,M.S. in Biomedical Engineering,Germany,12,63799,367,0.39855743742846417,5,8,4,0.8394377111745953,0.35766873824722156,"['Sustainability', 'Finance', 'Machine Learning']",Urban,0
98,Georgia Tech,M.S. in Marketing,Netherlands,12,34928,107,0.1479780048573201,3,8,5,0.834410356310114,0.3824235683895625,"['Data Science', 'Machine Learning']",Rural,0
99,University of Washington,M.S. in Biomedical Engineering,Singapore,18,31852,439,0.3295519387160753,6,6,7,0.8804362628599235,0.19442295000994625,['Finance'],Suburban,0
100,Georgia Tech,M.S. in Software Engineering,Singapore,12,36449,323,0.0716355358189026,10,2,9,0.7674567028265271,0.11864087814667379,"['Machine Learning', 'Software Engineering', 'Cybersecurity']",Suburban,0
101,Georgia Tech,M.S. in Cybersecurity,Netherlands,18,20953,227,0.26760856356674034,2,8,10,0.939631529694266,0.6681417396763101,"['Software Engineering', 'Biomedical Engineering', 'Renewable Energy']",Suburban,0
102,TU Delft,M.S. in Data Science,USA,24,43456,444,0.056591207272619036,9,6,6,0.8022673924242164,0.24442755139810404,"['Biomedical Engineering', 'Marketing']",Rural,0
103,University of Edinburgh,M.S. in Data Science,Australia,12,23042,442,0.4645147460813788,6,6,6,0.9124890755716825,0.2439693422341788,"['Cybersecurity', 'Marketing']",Suburban,0
104,University of Sydney,M.S. in Business Analytics,UK,18,37659,396,0.48923871088980725,7,8,8,0.9427709095785823,0.15002743226125573,"['Software Engineering', 'Renewable Energy', 'Marketing']",Rural,1
105,University of Tokyo,M.S. in Sustainability,UK,24,57509,216,0.15002724498736336,5,1,4,0.8848504694979631,0.657104651166267,"['Data Science', 'Cybersecurity']",Suburban,0
106,University of Manchester,M.S. in Biomedical Engineering,USA,24,32893,69,0.14364771556836775,9,2,3,0.9278119696132765,0.44784226896386314,"['Renewable Energy', 'Marketing']",Urban,1
107,Oxford,M.S. in Marketing,Australia,24,52721,84,0.38917407945295834,1,9,7,0.9088464749316013,0.5002221142752123,"['Data Science', 'Cybersecurity']",Rural,0
108,Stanford,M.S. in Biomedical Engineering,UK,18,44654,103,0.1640207294732005,5,8,5,0.8353271513164818,0.6469461323578315,['Business Analytics'],Suburban,0
109,MIT,M.S. in Marketing,Germany,12,24637,39,0.45278445162283026,10,7,2,0.9441260493680557,0.3073721013404737,"['Machine Learning', 'Renewable Energy', 'Software Engineering']",Urban,0
110,UC Berkeley,M.S. in Cybersecurity,Canada,12,60490,13,0.308268111255342,6,7,2,0.8207283287725267,0.4729043866828505,"['Finance', 'Cybersecurity']",Urban,0
111,KU Leuven,M.S. in Cybersecurity,Canada,18,27925,297,0.20784993035464044,7,5,6,0.8870911002603641,0.12327967283733249,"['Machine Learning', 'Business Analytics']",Urban,1
112,University of Sydney,M.S. in Sustainability,UK,12,59824,313,0.424712185857239,4,2,8,0.9288954573939695,0.2120635169386776,"['Sustainability', 'Biomedical Engineering', 'Finance']",Rural,0
113,Caltech,M.S. in Finance,France,18,32104,181,0.27203301518602785,1,6,1,0.8409494183550018,0.5987474830539655,"['Marketing', 'Renewable Energy', 'Machine Learning']",Rural,0
114,MIT,M.S. in Software Engineering,UK,12,56240,493,0.460234811168814,8,10,6,0.822664225828182,0.5600610138030014,"['Finance', 'Sustainability']",Suburban,1
115,Caltech,M.S. in Business Analytics,Netherlands,24,66896,268,0.46760640652822144,10,3,2,0.8602430424414774,0.3103856148742881,"['Software Engineering', 'Business Analytics', 'Machine Learning']",Urban,0
116,University of Sydney,M.S. in Cybersecurity,Netherlands,12,15215,13,0.1244390684577842,4,4,2,0.9463112386437968,0.32608637666452744,"['Software Engineering', 'Finance', 'Machine Learning']",Suburban,0
117,University of Copenhagen,M.S. in Machine Learning,Hong Kong,18,42299,120,0.05104553275936863,3,10,7,0.9731812231549595,0.4201326601321477,['Business Analytics'],Suburban,0
118,Oxford,M.S. in Data Science,Australia,18,46523,458,0.492768923064081,7,2,10,0.8808200190863736,0.10014460281108073,['Software Engineering'],Urban,1
119,Carnegie Mellon,M.S. in Marketing,Switzerland,24,18153,353,0.4577618912573657,2,2,1,0.9087518892776765,0.24474660162281672,"['Software Engineering', 'Biomedical Engineering']",Suburban,0
120,University of Sydney,M.S. in Renewable Energy,Singapore,18,22450,57,0.07495035606672865,8,8,6,0.9667856693373393,0.22493908516492866,"['Marketing', 'Software Engineering']",Rural,0
121,McGill University,M.S. in Data Science,Germany,12,26706,40,0.4248654187734815,6,8,7,0.7736512443391061,0.2502897680498581,"['Marketing', 'Renewable Energy', 'Software Engineering']",Suburban,0
122,Georgia Tech,M.S. in Cybersecurity,USA,12,26567,374,0.256012219651643,7,10,8,0.8056988586878796,0.5835435055200647,"['Biomedical Engineering', 'Software Engineering']",Urban,1
123,Oxford,M.S. in Cybersecurity,China,24,26128,336,0.16653272226123886,5,6,7,0.9201360015003798,0.2678043139278659,"['Software Engineering', 'Sustainability', 'Business Analytics']",Rural,0
124,University of Toronto,M.S. in Machine Learning,UK,18,38510,128,0.4454359356546184,9,5,6,0.9476986708589519,0.21491279323008888,['Software Engineering'],Rural,0
125,University of Amsterdam,M.S. in Machine Learning,Switzerland,24,47515,173,0.13850025457563828,5,8,9,0.9556869667993387,0.40255807647581887,"['Sustainability', 'Data Science']",Suburban,0
126,Cambridge,M.S. in Renewable Energy,Switzerland,12,32867,35,0.4762849997390301,5,4,3,0.8496257224451839,0.6193870218236391,"['Data Science', 'Sustainability']",Suburban,1
127,University of Manchester,M.S. in Data Science,Germany,24,46845,259,0.1425296694647035,3,4,6,0.7714415765500481,0.24480982230249992,['Cybersecurity'],Rural,1
128,TU Berlin,M.S. in Sustainability,USA,18,17365,376,0.3261574344779346,1,5,4,0.8550675545519087,0.1471217456756792,"['Biomedical Engineering', 'Renewable Energy']",Suburban,1
129,NUS,M.S. in Renewable Energy,Netherlands,24,55583,5,0.1503888505380387,2,1,2,0.8053763016496929,0.3138428415097988,"['Sustainability', 'Marketing', 'Renewable Energy']",Urban,0
130,TU Delft,M.S. in Data Science,Japan,18,39897,218,0.2955508992358856,8,1,1,0.8198871491991898,0.5485910947389867,"['Sustainability', 'Renewable Energy']",Suburban,0
131,TU Delft,M.S. in Cybersecurity,Germany,18,30718,11,0.3577888084618136,1,2,1,0.9353442136410014,0.43041432681687675,['Machine Learning'],Suburban,0
132,Cambridge,M.S. in Data Science,Switzerland,12,31001,382,0.1356025688690619,7,8,10,0.7681265006462128,0.5900760217446085,"['Data Science', 'Cybersecurity', 'Business Analytics']",Rural,1
133,EPFL,M.S. in Marketing,Canada,12,61113,327,0.28439860221530566,5,7,3,0.9486194921953686,0.6757552885655403,['Business Analytics'],Suburban,0
134,University of Copenhagen,M.S. in Sustainability,UK,12,39567,117,0.26107688497555354,3,10,4,0.8526405805978006,0.5755974860509702,['Biomedical Engineering'],Suburban,0
135,University of Hong Kong,M.S. in Cybersecurity,Australia,18,44271,184,0.08196683963150356,7,9,2,0.8930553434641428,0.462281847306252,"['Software Engineering', 'Sustainability']",Suburban,1
136,TU Berlin,M.S. in Biomedical Engineering,Canada,24,27741,394,0.41823851795388634,9,5,1,0.771516535496563,0.39600495283142834,"['Sustainability', 'Biomedical Engineering', 'Machine Learning']",Urban,0
137,Tsinghua University,M.S. in Cybersecurity,Switzerland,18,69404,362,0.20105708028927877,2,2,4,0.8309661788057471,0.12404145180896001,"['Machine Learning', 'Business Analytics', 'Finance']",Suburban,0
138,MIT,M.S. in Data Science,Singapore,12,31256,116,0.3085619888983458,8,7,7,0.771528220563563,0.6905931872884247,"['Data Science', 'Sustainability', 'Cybersecurity']",Urban,0
139,University of Sydney,M.S. in Software Engineering,China,12,35228,162,0.2816529057199105,9,8,10,0.9807704934914663,0.33008867354502547,"['Machine Learning', 'Cybersecurity']",Urban,0
140,University of Washington,M.S. in Biomedical Engineering,France,24,66678,67,0.280967227056699,3,7,6,0.9437427958383001,0.1913369283501201,"['Data Science', 'Sustainability']",Urban,1
141,UC Berkeley,M.S. in Business Analytics,USA,12,39284,200,0.09825007739381936,2,7,6,0.8603118610455505,0.500025313237874,"['Finance', 'Machine Learning']",Urban,0
142,TU Berlin,M.S. in Cybersecurity,Hong Kong,12,63264,31,0.24056690416219978,7,5,9,0.8036646115976811,0.2705729734572756,"['Machine Learning', 'Cybersecurity']",Rural,0
143,EPFL,M.S. in Renewable Energy,Netherlands,12,48390,75,0.2535650416429566,5,2,2,0.9740292252599645,0.4514669625586286,['Renewable Energy'],Urban,0
144,EPFL,M.S. in Finance,UK,24,41801,237,0.38013927816400184,5,6,4,0.8327031829744732,0.4520607447067547,"['Finance', 'Marketing', 'Software Engineering']",Suburban,0
145,Georgia Tech,M.S. in Renewable Energy,Australia,18,15918,327,0.42800847436431433,10,4,5,0.78863626360497,0.36743789254172154,"['Software Engineering', 'Cybersecurity', 'Biomedical Engineering']",Urban,0
146,University of Toronto,M.S. in Renewable Energy,Japan,12,25498,493,0.2952420251450081,5,10,1,0.8851594532289492,0.6016711693270256,['Renewable Energy'],Suburban,0
147,University of Hong Kong,M.S. in Finance,Netherlands,24,52809,66,0.08905232932924573,4,2,8,0.9765057888827559,0.25898023693326583,"['Biomedical Engineering', 'Business Analytics']",Urban,0
148,NUS,M.S. in Cybersecurity,UK,12,54961,70,0.1565822617684458,5,9,8,0.7509192697200774,0.3691795549706405,"['Biomedical Engineering', 'Software Engineering', 'Finance']",Rural,0
149,University of Edinburgh,M.S. in Business Analytics,Japan,24,59017,297,0.12422031208372898,4,7,6,0.8071499623809597,0.4226152771545829,"['Business Analytics', 'Renewable Energy', 'Biomedical Engineering']",Urban,0
150,TU Munich,M.S. in Software Engineering,Australia,12,38779,447,0.10607677843510613,6,6,5,0.9752274336984978,0.49817483246037975,"['Machine Learning', 'Software Engineering', 'Marketing']",Urban,0
151,EPFL,M.S. in Biomedical Engineering,Switzerland,24,45050,416,0.21465468437801344,4,5,8,0.7910606320457189,0.5703831103033536,['Business Analytics'],Rural,1
152,University of Amsterdam,M.S. in Cybersecurity,France,12,37118,20,0.15322707596947194,2,3,3,0.7771784283935568,0.3368843697269536,"['Software Engineering', 'Renewable Energy', 'Cybersecurity']",Urban,1
153,EPFL,M.S. in Marketing,Canada,18,21391,441,0.14823640031518054,9,10,3,0.8868449317919531,0.4876281664579576,['Finance'],Suburban,1
154,NUS,M.S. in Business Analytics,Canada,12,35145,226,0.07461192855932045,2,10,2,0.9568425175907591,0.1903665718411115,['Marketing'],Urban,0
155,Imperial College London,M.S. in Business Analytics,Switzerland,24,48929,434,0.05795152015794525,9,4,5,0.8645063562465423,0.6595888603254871,"['Software Engineering', 'Business Analytics']",Urban,0
156,TU Delft,M.S. in Data Science,Netherlands,12,64917,464,0.0962457091924018,10,3,3,0.9886954216042859,0.3298352838526021,"['Marketing', 'Renewable Energy', 'Sustainability']",Urban,0
157,Carnegie Mellon,M.S. in Biomedical Engineering,China,18,19565,409,0.1274888657406349,6,8,3,0.9130012078891183,0.537712853185863,['Machine Learning'],Rural,0
158,Georgia Tech,M.S. in Renewable Energy,Switzerland,12,46769,396,0.2439426779816914,9,3,6,0.7677779777305075,0.1122046491293066,"['Biomedical Engineering', 'Business Analytics']",Urban,0
159,Georgia Tech,M.S. in Software Engineering,Switzerland,24,15192,199,0.2797341175844801,9,7,8,0.9882797116036741,0.2231122857428842,"['Finance', 'Sustainability', 'Biomedical Engineering']",Urban,0
160,TU Delft,M.S. in Marketing,Hong Kong,24,56637,39,0.11326636317801451,3,7,2,0.8478946168272457,0.3922495265941468,"['Renewable Energy', 'Data Science']",Suburban,1
161,NUS,M.S. in Biomedical Engineering,UK,18,23243,145,0.2411525036858838,1,7,4,0.8189766081229158,0.6269514806394079,"['Machine Learning', 'Sustainability', 'Finance']",Urban,0
162,MIT,M.S. in Sustainability,China,24,17410,45,0.20378697904666726,1,7,7,0.8838910040586925,0.4163530899704063,['Biomedical Engineering'],Urban,0
163,Georgia Tech,M.S. in Data Science,Hong Kong,12,26820,395,0.13254063957408022,3,2,1,0.8230338220370075,0.6579222893763274,"['Cybersecurity', 'Marketing']",Urban,1
164,University of Washington,M.S. in Finance,Hong Kong,12,17964,326,0.0530783366667636,5,10,1,0.7707498017088366,0.3902781379496778,['Sustainability'],Urban,0
165,University of Melbourne,M.S. in Marketing,UK,12,37521,381,0.26015803993478376,3,3,10,0.7503428023390024,0.39426945804157,"['Finance', 'Business Analytics']",Suburban,1
166,University of Amsterdam,M.S. in Biomedical Engineering,Australia,24,27568,407,0.3585432871693397,9,10,7,0.8579000047008629,0.17184807310031913,"['Biomedical Engineering', 'Software Engineering']",Suburban,1
167,Oxford,M.S. in Finance,France,12,55882,91,0.15182480036471316,9,9,7,0.9508472213343822,0.5815937464913319,"['Sustainability', 'Finance', 'Data Science']",Rural,1
168,University of Amsterdam,M.S. in Marketing,Hong Kong,12,51867,238,0.10931307345350572,3,3,1,0.8873556445512184,0.2481792474802375,['Machine Learning'],Urban,0
169,Cambridge,M.S. in Marketing,UK,12,57465,70,0.4491692350011328,3,2,1,0.9898097517464258,0.639767493623389,"['Sustainability', 'Data Science', 'Machine Learning']",Rural,0
170,University of Hong Kong,M.S. in Software Engineering,Australia,18,42602,166,0.173761147619509,5,9,4,0.818843194955328,0.6464945321982376,['Sustainability'],Rural,0
171,Georgia Tech,M.S. in Business Analytics,Singapore,24,18199,130,0.15062567890669915,2,10,5,0.8173092155424133,0.6659860671244898,"['Data Science', 'Marketing']",Urban,0
172,Carnegie Mellon,M.S. in Marketing,Switzerland,24,21103,214,0.4356936228244621,6,9,5,0.7883398704561466,0.41213829346185404,['Software Engineering'],Suburban,0
173,Stanford,M.S. in Software Engineering,Switzerland,24,15240,340,0.4176981946250426,7,4,4,0.7893752611836804,0.5062562708701867,"['Business Analytics', 'Software Engineering', 'Renewable Energy']",Suburban,0
174,TU Delft,M.S. in Biomedical Engineering,Netherlands,18,28440,89,0.25175591173608514,9,9,8,0.8184447830424115,0.5671095280369981,['Finance'],Urban,0
175,Caltech,M.S. in Sustainability,Hong Kong,24,39631,335,0.27015748764249853,6,3,7,0.9402816108656465,0.17860877119027935,"['Machine Learning', 'Finance']",Urban,0
176,Tsinghua University,M.S. in Cybersecurity,Singapore,18,44599,252,0.1479869171753099,3,7,9,0.9673816297527474,0.4605743169984984,"['Software Engineering', 'Data Science', 'Marketing']",Suburban,1
177,University of Sydney,M.S. in Cybersecurity,Netherlands,18,33274,369,0.08523575171580088,5,7,7,0.9840209207298435,0.120578740781987,"['Business Analytics', 'Cybersecurity', 'Marketing']",Urban,1
178,Caltech,M.S. in Business Analytics,Hong Kong,24,20077,349,0.30804432141004745,4,8,10,0.8057495169831487,0.39853965003323555,"['Machine Learning', 'Renewable Energy', 'Data Science']",Urban,0
179,Georgia Tech,M.S. in Software Engineering,Japan,12,53768,72,0.09425521471559592,5,10,1,0.961511410947382,0.19290560897213643,['Sustainability'],Urban,0
180,Caltech,M.S. in Sustainability,Australia,12,34142,165,0.2521735461304924,8,4,7,0.8287812214265609,0.20975375557725084,['Software Engineering'],Suburban,1
181,MIT,M.S. in Data Science,Australia,24,32995,49,0.4732237393308548,8,3,1,0.7770817306840523,0.3190285400155609,"['Cybersecurity', 'Biomedical Engineering', 'Sustainability']",Rural,0
182,University of Melbourne,M.S. in Biomedical Engineering,China,24,63276,52,0.478775475126763,6,3,7,0.9588059821248398,0.35946230002990176,['Data Science'],Rural,1
183,TU Delft,M.S. in Marketing,Switzerland,18,38605,289,0.1576995289463114,1,5,10,0.9026653523144684,0.4739034547193124,"['Finance', 'Machine Learning', 'Marketing']",Urban,1
184,University of Copenhagen,M.S. in Marketing,Germany,24,47746,278,0.33085103902054447,8,1,8,0.7895354150594548,0.1446570510631094,"['Software Engineering', 'Sustainability', 'Machine Learning']",Suburban,0
185,Tsinghua University,M.S. in Biomedical Engineering,Japan,18,46475,114,0.2633343188485359,8,10,9,0.8531595018031206,0.4022150567424668,['Marketing'],Urban,1
186,Stanford,M.S. in Biomedical Engineering,Australia,24,37173,239,0.4440583074137477,2,3,3,0.8189418467704962,0.20957507815186066,['Machine Learning'],Suburban,0
187,Caltech,M.S. in Software Engineering,UK,12,24714,133,0.17214388892422394,4,6,4,0.9268306964904472,0.44438510501904516,['Finance'],Urban,0
188,Georgia Tech,M.S. in Marketing,Switzerland,12,21568,487,0.05166608307458759,2,3,4,0.8588198953498243,0.4824427673567101,"['Business Analytics', 'Software Engineering']",Suburban,0
189,University of Manchester,M.S. in Cybersecurity,Netherlands,24,37601,274,0.1231525426691368,4,5,9,0.9874271868255324,0.43402555393171227,"['Software Engineering', 'Renewable Energy']",Suburban,0
190,University of Edinburgh,M.S. in Business Analytics,Singapore,18,17657,166,0.20728526052622914,10,9,7,0.7631387957423028,0.5429773062869846,['Biomedical Engineering'],Rural,1
191,EPFL,M.S. in Cybersecurity,Netherlands,12,56080,374,0.19207450839671986,7,2,3,0.8352036638726992,0.3013655465445408,"['Data Science', 'Software Engineering', 'Sustainability']",Urban,0
192,Cambridge,M.S. in Finance,Hong Kong,18,32325,373,0.4061133136052987,9,2,10,0.8656560401063946,0.5590639549798785,"['Cybersecurity', 'Software Engineering']",Rural,0
193,University of Toronto,M.S. in Machine Learning,Canada,24,27159,293,0.356252299762477,8,6,5,0.8707520531395967,0.3596602490249162,"['Renewable Energy', 'Sustainability']",Rural,0
194,Stanford,M.S. in Sustainability,Germany,24,18830,478,0.1848003438267038,9,6,7,0.8258245973725529,0.39051069899355806,['Machine Learning'],Suburban,1
195,UC Berkeley,M.S. in Finance,Australia,12,43313,243,0.25598471772479603,8,8,8,0.9250176597834163,0.4888612763566429,['Software Engineering'],Urban,1
196,Imperial College London,M.S. in Machine Learning,France,24,29368,479,0.09300159678125086,2,2,1,0.959939297637354,0.11101503039953438,['Renewable Energy'],Suburban,1
197,McGill University,M.S. in Biomedical Engineering,USA,12,26317,320,0.45416590016904534,7,9,2,0.9752926324746871,0.492396532852149,"['Marketing', 'Finance', 'Renewable Energy']",Suburban,0
198,University of British Columbia,M.S. in Cybersecurity,Germany,18,63272,138,0.47094117100184035,2,2,7,0.9432224104318863,0.4711510894432692,"['Software Engineering', 'Cybersecurity']",Suburban,0
199,University of Melbourne,M.S. in Data Science,China,12,51230,79,0.49091159092142217,2,1,2,0.9541392473535839,0.28590827005196795,"['Machine Learning', 'Cybersecurity']",Urban,0
200,McGill University,M.S. in Business Analytics,Hong Kong,12,26133,170,0.440848773853627,4,10,7,0.8821308721487989,0.1514765709396937,"['Renewable Energy', 'Business Analytics', 'Data Science']",Urban,0
201,University of Sydney,M.S. in Marketing,Switzerland,18,22607,123,0.1282823994633015,1,2,9,0.9482131743424355,0.15456126994782468,"['Business Analytics', 'Cybersecurity', 'Biomedical Engineering']",Suburban,0
202,Tsinghua University,M.S. in Renewable Energy,Australia,12,36301,176,0.07078841744073298,5,7,2,0.8228409381955085,0.6539342481911371,"['Marketing', 'Business Analytics', 'Data Science']",Urban,0
203,EPFL,M.S. in Renewable Energy,Singapore,12,26910,300,0.3108185273357033,6,8,7,0.8456349029062115,0.5135675927355022,['Sustainability'],Suburban,0
204,University of Edinburgh,M.S. in Data Science,Australia,24,64904,82,0.4606722620973997,9,5,4,0.8260591233164506,0.17626156826244424,"['Machine Learning', 'Cybersecurity']",Urban,1
205,Stanford,M.S. in Machine Learning,USA,18,58107,87,0.1298081127468843,10,6,2,0.8621729605075021,0.31403390158534383,"['Renewable Energy', 'Machine Learning']",Urban,0
206,University of Amsterdam,M.S. in Cybersecurity,China,12,68300,225,0.05316931158086384,8,1,7,0.8185391078972727,0.4554897963409579,"['Data Science', 'Finance', 'Biomedical Engineering']",Rural,0
207,University of Amsterdam,M.S. in Renewable Energy,Singapore,18,52757,16,0.4124732207145099,2,6,5,0.9807867461410672,0.6013430230543891,['Marketing'],Suburban,0
208,Heidelberg University,M.S. in Biomedical Engineering,Netherlands,18,31464,310,0.0845580579290303,1,8,1,0.8250827107213603,0.12619655722780512,"['Marketing', 'Finance', 'Software Engineering']",Rural,1
209,TU Delft,M.S. in Cybersecurity,Singapore,12,25178,358,0.23616771435951367,2,3,5,0.7735306891466256,0.2419798788820053,"['Machine Learning', 'Data Science']",Rural,1
210,Oxford,M.S. in Sustainability,China,24,44088,163,0.35549930173495325,7,1,3,0.8764361198520992,0.633849394177228,"['Machine Learning', 'Data Science', 'Business Analytics']",Suburban,1
211,McGill University,M.S. in Cybersecurity,Germany,18,31362,98,0.15655891345528106,4,4,7,0.7637037788268424,0.10549933011028989,['Data Science'],Suburban,0
212,Caltech,M.S. in Finance,Netherlands,12,34743,156,0.08778315355102702,10,1,6,0.7765303599140593,0.22083946167633245,['Marketing'],Urban,1
213,University of Toronto,M.S. in Business Analytics,Australia,18,33683,2,0.3965095528051229,5,8,8,0.8026534534070991,0.6754145055837796,"['Business Analytics', 'Biomedical Engineering', 'Marketing']",Suburban,0
214,Stanford,M.S. in Data Science,Switzerland,24,25060,350,0.33357878819916864,7,5,5,0.861444059971714,0.46804110791330267,"['Marketing', 'Machine Learning']",Rural,0
215,Cambridge,M.S. in Cybersecurity,Japan,24,24269,397,0.49482071801906213,3,1,2,0.8539802237541667,0.25700281998250385,"['Biomedical Engineering', 'Renewable Energy', 'Software Engineering']",Rural,1
216,TU Delft,M.S. in Cybersecurity,Hong Kong,24,48991,169,0.2049386149939817,10,8,9,0.9419260468806698,0.14019465663750857,"['Machine Learning', 'Business Analytics']",Suburban,0
217,EPFL,M.S. in Machine Learning,Hong Kong,12,52895,464,0.07779307383058987,2,9,8,0.9274739169321872,0.1169148042683333,['Biomedical Engineering'],Rural,0
218,KU Leuven,M.S. in Sustainability,Switzerland,12,47352,315,0.38045751590088306,7,10,6,0.8523163905577683,0.24684704778215635,['Software Engineering'],Urban,0
219,Stanford,M.S. in Cybersecurity,Australia,24,15585,325,0.28478003848396055,5,2,10,0.8300890098181511,0.6288914917533462,"['Finance', 'Marketing', 'Machine Learning']",Rural,0
220,Caltech,M.S. in Renewable Energy,USA,12,40823,375,0.14594176912511078,1,9,7,0.8259525081747596,0.34954819257850567,"['Marketing', 'Cybersecurity']",Urban,1
221,University of Hong Kong,M.S. in Cybersecurity,Hong Kong,24,49506,92,0.4017780450521417,1,8,9,0.9357588209505622,0.5322000214995958,['Cybersecurity'],Rural,0
222,TU Delft,M.S. in Marketing,Japan,12,15534,181,0.14168996863247468,9,7,7,0.7624973774931048,0.6509710212279746,['Marketing'],Urban,0
223,TU Munich,M.S. in Cybersecurity,Hong Kong,24,38462,231,0.16729774467482145,5,3,3,0.7530771958825454,0.34482427696168994,['Sustainability'],Urban,0
224,University of Melbourne,M.S. in Biomedical Engineering,Australia,18,39011,301,0.09163784946502362,1,2,6,0.9409306540623955,0.21476642262243822,"['Renewable Energy', 'Data Science', 'Business Analytics']",Suburban,0
225,Cambridge,M.S. in Finance,France,24,38398,148,0.22974452556388453,7,7,7,0.8645151302373718,0.41027075851415173,"['Software Engineering', 'Machine Learning', 'Data Science']",Urban,0
226,TU Berlin,M.S. in Business Analytics,Germany,24,17155,280,0.23851815077183852,9,5,2,0.7814114732528582,0.6448502122359127,"['Software Engineering', 'Data Science', 'Renewable Energy']",Suburban,0
227,University of Tokyo,M.S. in Marketing,France,12,30966,189,0.2815528056567343,1,6,3,0.8065358243026803,0.5826246484826203,"['Finance', 'Biomedical Engineering']",Rural,0
228,Caltech,M.S. in Sustainability,Hong Kong,12,42329,347,0.36903392020569986,10,4,4,0.9738009487433719,0.13949790601789228,"['Business Analytics', 'Software Engineering', 'Finance']",Rural,0
229,University of Amsterdam,M.S. in Biomedical Engineering,Netherlands,12,21957,350,0.4577454179061916,4,2,10,0.9562807141499755,0.515543680046549,['Business Analytics'],Rural,1
230,Heidelberg University,M.S. in Finance,Canada,12,59196,314,0.11198034449951388,3,9,6,0.9203484120537534,0.44313851347537225,"['Machine Learning', 'Data Science', 'Finance']",Urban,0
231,TU Berlin,M.S. in Business Analytics,Australia,12,20325,493,0.07445664425689569,5,3,1,0.8657340552809584,0.6444779058078552,"['Business Analytics', 'Biomedical Engineering']",Rural,0
232,Tsinghua University,M.S. in Business Analytics,UK,12,49925,411,0.05833905511744998,7,7,9,0.8748776702859326,0.17348885011017834,['Business Analytics'],Rural,0
233,University of Manchester,M.S. in Finance,UK,18,63327,410,0.11462962013096732,8,8,5,0.98405868846815,0.420421667922794,"['Renewable Energy', 'Machine Learning', 'Sustainability']",Suburban,0
234,KU Leuven,M.S. in Biomedical Engineering,Singapore,24,33518,128,0.34607726860173166,2,2,7,0.9817849065322289,0.6276776161071353,"['Biomedical Engineering', 'Finance']",Suburban,1
235,University of Toronto,M.S. in Sustainability,Switzerland,24,52706,7,0.37736468509842347,7,6,9,0.8016645709886002,0.34601427204504576,['Sustainability'],Rural,1
236,NUS,M.S. in Sustainability,Switzerland,24,50001,426,0.403927571087655,1,8,9,0.9446650959132763,0.38919695063972026,"['Software Engineering', 'Finance', 'Renewable Energy']",Rural,0
237,EPFL,M.S. in Machine Learning,China,18,34225,47,0.15966869535695422,7,7,1,0.797338239880084,0.142276406600175,"['Machine Learning', 'Renewable Energy']",Urban,1
238,KU Leuven,M.S. in Sustainability,Switzerland,24,23316,53,0.18765266596768398,8,3,1,0.8012489946921484,0.2668861842693465,['Biomedical Engineering'],Urban,0
239,TU Munich,M.S. in Finance,France,18,67488,187,0.26741059050447474,2,1,3,0.9122623281994984,0.2947039895013684,['Data Science'],Rural,0
240,University of Amsterdam,M.S. in Cybersecurity,Germany,18,26861,38,0.07843239358710193,9,6,6,0.8472002636610116,0.6670734692469321,['Cybersecurity'],Suburban,0
241,Heidelberg University,M.S. in Finance,Australia,18,40269,453,0.32501368544506076,1,8,2,0.9735706577055648,0.26960041632469545,['Sustainability'],Rural,0
242,University of Manchester,M.S. in Finance,USA,24,61112,471,0.492680765154091,6,6,10,0.7713623363750421,0.3765212411617912,"['Marketing', 'Software Engineering']",Urban,0
243,Carnegie Mellon,M.S. in Marketing,Singapore,18,23320,476,0.21236284012010115,1,5,1,0.8727661537942784,0.5027826541385678,['Data Science'],Suburban,1
244,ETH Zurich,M.S. in Data Science,Netherlands,24,35437,226,0.38878136379112277,3,8,1,0.9704451673063491,0.19731002344472642,"['Marketing', 'Cybersecurity', 'Finance']",Suburban,0
245,EPFL,M.S. in Renewable Energy,Japan,24,39846,53,0.2750152620063236,6,2,5,0.9669872785150813,0.3918654322851247,['Marketing'],Urban,1
246,NUS,M.S. in Cybersecurity,Netherlands,12,45740,399,0.10751532996217222,3,1,4,0.7875670112197779,0.5431234236855446,"['Finance', 'Business Analytics', 'Machine Learning']",Rural,1
247,Heidelberg University,M.S. in Software Engineering,Australia,12,53129,224,0.31200685196116384,8,1,1,0.8379930480231496,0.6201131278162396,"['Finance', 'Machine Learning', 'Data Science']",Rural,0
248,ETH Zurich,M.S. in Data Science,Canada,18,67285,154,0.18494342079982923,5,4,4,0.898589136011207,0.47575556479745607,['Cybersecurity'],Rural,0
249,Carnegie Mellon,M.S. in Business Analytics,Switzerland,18,20398,48,0.06548144380405621,2,6,3,0.7882547723451365,0.5014321091901688,"['Data Science', 'Marketing', 'Machine Learning']",Urban,0
250,University of British Columbia,M.S. in Biomedical Engineering,China,24,55529,351,0.3357183785529847,4,9,2,0.9823253212909773,0.17577008355074136,"['Business Analytics', 'Renewable Energy']",Suburban,1
251,Oxford,M.S. in Renewable Energy,Japan,18,21604,147,0.43651955719612745,9,1,9,0.9695398388946385,0.6674658983478082,"['Machine Learning', 'Biomedical Engineering']",Urban,0
252,Georgia Tech,M.S. in Renewable Energy,France,18,53918,393,0.20514639510494337,4,1,1,0.7900680429682726,0.1795444464906894,"['Data Science', 'Finance']",Rural,0
253,ETH Zurich,M.S. in Marketing,Australia,24,67451,64,0.22563299624574673,10,5,7,0.7790773107026365,0.5648037623090789,['Business Analytics'],Urban,0
254,McGill University,M.S. in Business Analytics,Canada,18,25026,349,0.4509597573352452,10,10,4,0.7704980358739837,0.2588897930669913,"['Business Analytics', 'Cybersecurity', 'Sustainability']",Suburban,0
255,University of Manchester,M.S. in Software Engineering,France,18,31937,182,0.41612396601531015,8,5,5,0.9682664793687914,0.6601558862207509,"['Renewable Energy', 'Sustainability']",Urban,0
256,ETH Zurich,M.S. in Cybersecurity,Canada,24,57118,125,0.37172877059829973,5,5,10,0.7964697143509106,0.5319757236216878,['Biomedical Engineering'],Rural,0
257,Imperial College London,M.S. in Finance,Switzerland,24,66931,179,0.16195867868891656,10,10,5,0.8499083828506451,0.5522882277870214,['Software Engineering'],Suburban,0
258,University of British Columbia,M.S. in Cybersecurity,Hong Kong,12,60860,39,0.45959749473499,1,6,1,0.8577243277564808,0.23143550383592998,['Marketing'],Urban,0
259,Oxford,M.S. in Marketing,France,24,55338,260,0.11948709089264585,7,8,6,0.8937626506112561,0.36582398598109644,['Cybersecurity'],Urban,0
260,University of Hong Kong,M.S. in Renewable Energy,Germany,12,18140,382,0.33204673373774984,3,3,9,0.767216482499382,0.4706879167535718,"['Finance', 'Data Science', 'Renewable Energy']",Suburban,0
261,TU Munich,M.S. in Cybersecurity,UK,18,42996,3,0.06296053124593341,10,9,2,0.8044220681761238,0.5619841709239606,['Marketing'],Suburban,0
262,University of Sydney,M.S. in Sustainability,Netherlands,24,16590,64,0.3396739128462256,8,1,7,0.9735576928605423,0.16237562554743373,"['Business Analytics', 'Machine Learning', 'Cybersecurity']",Rural,0
263,Georgia Tech,M.S. in Biomedical Engineering,Germany,24,64201,29,0.17471495834301193,3,4,6,0.9680184257444566,0.677419189872717,"['Cybersecurity', 'Marketing', 'Sustainability']",Suburban,0
264,University of Manchester,M.S. in Finance,Japan,24,32776,372,0.252354639732674,1,9,5,0.9375097553773661,0.6341324023327336,['Software Engineering'],Rural,0
265,University of Toronto,M.S. in Business Analytics,Singapore,18,54943,11,0.20536904842567388,5,8,4,0.7546562989483717,0.2622091542973506,"['Business Analytics', 'Machine Learning', 'Data Science']",Urban,0
266,University of Manchester,M.S. in Sustainability,Hong Kong,12,47886,97,0.12774054031079446,2,10,4,0.8284816244390645,0.5936561458193992,['Biomedical Engineering'],Rural,0
267,University of Washington,M.S. in Sustainability,UK,18,33997,358,0.32989135554224336,4,9,6,0.9007100964822978,0.41099435382389404,"['Finance', 'Sustainability']",Urban,0
268,Carnegie Mellon,M.S. in Sustainability,Germany,18,57798,442,0.44688899981327335,1,1,4,0.8160456508256342,0.37708388893721123,"['Machine Learning', 'Renewable Energy', 'Software Engineering']",Suburban,0
269,TU Munich,M.S. in Software Engineering,Australia,24,67741,203,0.48158790902708154,9,9,5,0.9683008068129065,0.28866046348684327,"['Marketing', 'Machine Learning', 'Data Science']",Urban,0
270,University of Toronto,M.S. in Finance,Canada,12,33092,411,0.1365558634192618,6,3,6,0.902133470839786,0.44858115197895543,"['Software Engineering', 'Cybersecurity']",Suburban,1
271,UC Berkeley,M.S. in Software Engineering,Japan,18,18225,481,0.37281774832833803,8,10,5,0.7672576121559469,0.5379334706221587,"['Business Analytics', 'Finance']",Urban,1
272,University of Copenhagen,M.S. in Software Engineering,Australia,24,17460,21,0.34895271497255703,4,9,7,0.9681613413205687,0.3465597429776549,"['Finance', 'Renewable Energy']",Urban,1
273,University of Hong Kong,M.S. in Biomedical Engineering,UK,18,23737,39,0.20452000530855763,9,1,9,0.9798639979622934,0.4775315158049752,"['Business Analytics', 'Cybersecurity']",Urban,1
274,Oxford,M.S. in Sustainability,China,18,27728,223,0.05859463970917663,2,1,10,0.7686509804140141,0.5195877526931822,['Cybersecurity'],Urban,0
275,McGill University,M.S. in Software Engineering,Canada,24,31726,102,0.3604060612907897,9,9,7,0.8777664563667156,0.5266730902091715,['Renewable Energy'],Rural,0
276,TU Delft,M.S. in Biomedical Engineering,Japan,24,22481,46,0.47547268725177505,5,6,7,0.8228074277314009,0.13117965887870814,['Software Engineering'],Urban,0
277,McGill University,M.S. in Data Science,Singapore,12,45271,66,0.3344540548620431,6,4,4,0.8442813783555365,0.6158486834110402,['Software Engineering'],Rural,0
278,TU Delft,M.S. in Biomedical Engineering,UK,18,60833,91,0.24588172588443535,3,7,1,0.793116292309282,0.3749519888590288,"['Sustainability', 'Finance']",Suburban,0
279,UC Berkeley,M.S. in Data Science,Japan,24,38114,164,0.28631925235023276,4,5,8,0.8887373044829789,0.25744964901772865,"['Machine Learning', 'Biomedical Engineering']",Suburban,1
280,Caltech,M.S. in Machine Learning,Germany,24,67000,459,0.1398329634469629,6,10,4,0.9799150447797338,0.24505870448780895,"['Cybersecurity', 'Sustainability']",Rural,0
281,TU Munich,M.S. in Data Science,Japan,12,18644,111,0.3877448736891819,7,7,1,0.8707374240651862,0.38980846770637023,"['Sustainability', 'Business Analytics']",Suburban,0
282,Caltech,M.S. in Data Science,UK,12,67587,338,0.38588892350443205,1,8,5,0.7698994995346755,0.6320989236813754,['Machine Learning'],Suburban,0
283,McGill University,M.S. in Marketing,Hong Kong,24,59951,123,0.11548278517434123,7,8,8,0.898800320034578,0.32700854900958815,['Business Analytics'],Urban,0
284,TU Delft,M.S. in Software Engineering,Switzerland,12,52565,193,0.4450902721248466,1,1,4,0.8316535186683017,0.549835448070126,"['Renewable Energy', 'Data Science', 'Cybersecurity']",Urban,0
285,Stanford,M.S. in Cybersecurity,Hong Kong,24,38174,447,0.17113538276298737,5,8,8,0.9554220455019115,0.15809123859233115,"['Software Engineering', 'Machine Learning']",Urban,1
286,Imperial College London,M.S. in Machine Learning,Germany,18,18081,99,0.4920152274214767,6,6,8,0.8543227555959528,0.38563402129063706,"['Cybersecurity', 'Finance', 'Marketing']",Rural,0
287,UC Berkeley,M.S. in Software Engineering,Australia,12,37630,291,0.2223063563167606,2,4,3,0.7962815061461389,0.6950116842356413,"['Data Science', 'Business Analytics', 'Biomedical Engineering']",Rural,1
288,Georgia Tech,M.S. in Data Science,UK,18,18161,159,0.13004782643052484,10,8,9,0.7958653494458748,0.5622626816754022,['Data Science'],Suburban,0
289,University of Sydney,M.S. in Cybersecurity,Switzerland,18,19321,412,0.20827405010554356,9,3,3,0.9345034033730785,0.2263170930643678,"['Sustainability', 'Biomedical Engineering']",Urban,1
290,University of Sydney,M.S. in Biomedical Engineering,USA,18,33861,103,0.24808114791373692,10,4,1,0.8137410235937663,0.40086488421874644,"['Biomedical Engineering', 'Cybersecurity', 'Machine Learning']",Rural,0
291,Oxford,M.S. in Sustainability,Singapore,24,21269,385,0.08118849786723267,6,6,2,0.9341360145982135,0.24017485818913992,"['Machine Learning', 'Software Engineering']",Rural,0
292,Tsinghua University,M.S. in Finance,Switzerland,18,32099,281,0.3101982715504803,7,7,6,0.7994129545839839,0.34573655635750555,['Data Science'],Urban,0
293,KU Leuven,M.S. in Data Science,USA,18,22376,43,0.31893459794100515,10,4,10,0.8272047284883143,0.5680504142409788,['Cybersecurity'],Rural,1
294,MIT,M.S. in Renewable Energy,China,18,61360,486,0.3825187049072625,8,4,2,0.8617168733855278,0.5627348891742422,['Cybersecurity'],Urban,1
295,Caltech,M.S. in Renewable Energy,China,24,60313,84,0.06312645153083449,10,7,6,0.9763670039264282,0.2368602267414311,"['Finance', 'Machine Learning']",Suburban,0
296,NUS,M.S. in Sustainability,Netherlands,18,29078,451,0.29355719649522355,1,6,1,0.9736155419409179,0.653333990892916,"['Renewable Energy', 'Business Analytics', 'Machine Learning']",Suburban,0
297,Cambridge,M.S. in Sustainability,Canada,18,40801,191,0.07380834497179897,8,8,1,0.799649250101349,0.45554090965889604,['Machine Learning'],Suburban,1
298,UC Berkeley,M.S. in Data Science,Switzerland,12,19151,51,0.36551489898499406,4,1,5,0.8359725698983375,0.32795457457720867,['Sustainability'],Urban,0
299,University of Melbourne,M.S. in Data Science,France,24,43911,386,0.07507759356544302,10,10,10,0.7858558532289054,0.40116134846851637,['Machine Learning'],Rural,0
300,Stanford,M.S. in Biomedical Engineering,Singapore,18,37600,210,0.4602775317537347,8,7,9,0.8723964190352393,0.4630427520626462,"['Machine Learning', 'Data Science']",Suburban,0
